scenario,distance_m,extinction_per_m,transmittance,transmittance_percent,equivalent_mor_m
current_fixed,100,0.000700000000000000,0.932393819905948,93.2393819905948,4279.61753364856
current_fixed,1000,0.000700000000000000,0.496585303791410,49.6585303791410,4279.61753364856
current_fixed,4000,0.000700000000000000,0.0608100626252180,6.08100626252180,4279.61753364856
mor_20km,100,0.000149786613677700,0.985132960768728,98.5132960768728,20000.0000000000
mor_20km,1000,0.000149786613677700,0.860891659331735,86.0891659331735,20000.0000000000
mor_20km,4000,0.000149786613677700,0.549280271653059,54.9280271653059,20000.0000000000
mor_5km,100,0.000599146454710798,0.941844920883028,94.1844920883028,5000.00000000000
mor_5km,1000,0.000599146454710798,0.549280271653059,54.9280271653059,5000.00000000000
mor_5km,4000,0.000599146454710798,0.0910282101513040,9.10282101513040,5000.00000000000
mor_1km,100,0.00299573227355399,0.741134449106948,74.1134449106948,1000.00000000000
mor_1km,1000,0.00299573227355399,0.0500000000000000,5.00000000000000,1000.00000000000
mor_1km,4000,0.00299573227355399,0.00000625000000000000,0.000625000000000000,1000.00000000000
