apparent_elevation_deg,relative_airmass,T_over_zenith_tau_0_1,T_over_zenith_tau_0_2,T_over_zenith_tau_0_4
0,37.919608378,0.024922366,0.000621124,3.86e-07
0.25,34.42099418,0.03536162,0.001250444,1.564e-06
0.5,31.349026293,0.048077959,0.00231149,5.343e-06
1,26.310555068,0.079572692,0.006331813,4.0092e-05
2,19.433245108,0.158285754,0.02505438,0.000627722
3,15.147735443,0.242973634,0.059036187,0.003485271
5,10.305791328,0.394313921,0.155483468,0.024175109
10,5.58603588,0.632147587,0.399610571,0.159688609
15,3.812911869,0.754786774,0.569703075,0.324561593
20,2.903146649,0.826675151,0.683391805,0.467024359
30,1.994292853,0.905327895,0.819618597,0.671774645
60,1.153992233,0.984690378,0.969615141,0.940153521
90,0.999711992,1.0,1.0,1.0
