geometric_ray_elevation_deg,linear_T_R,linear_T_G,linear_T_B
0,0.107133104,0.009805145,5.2554e-05
0.25,0.137664625,0.015369238,0.000136312
0.5,0.168102814,0.022280509,0.000305017
1,0.227030208,0.039876267,0.001100708
2,0.331601736,0.086255028,0.006183025
3,0.41745878,0.140553031,0.018288918
5,0.54430924,0.251009936,0.063780307
10,0.7134788,0.461046334,0.221944623
15,0.792830922,0.586440905,0.356898143
20,0.837450039,0.664820036,0.455892503
30,0.885008079,0.754797844,0.582599235
60,0.931649136,0.8495144,0.731295715
90,0.940496013,0.868204715,0.762521943
