latitude_deg,declination_deg,minutes_after_conventional_sunrise,geometric_center_elevation_deg
38.72,-23.44,0,-0.8333
38.72,-23.44,5,0.00897181
38.72,-23.44,15,1.672927978
38.72,-23.44,30,4.113974076
38.72,-23.44,60,8.774141096
38.72,-23.44,90,13.089421905
38.72,-23.44,120,16.993951257
38.72,0,0,-0.8333
38.72,0,5,0.141946158
38.72,0,15,2.092177401
38.72,0,30,5.014136294
38.72,0,60,10.827391895
38.72,0,90,16.563995293
38.72,0,120,22.175410294
38.72,23.44,0,-0.8333
38.72,23.44,5,0.002275886
38.72,23.44,15,1.693567303
38.72,23.44,30,4.277682354
38.72,23.44,60,9.596300543
38.72,23.44,90,15.083408494
38.72,23.44,120,20.70458262
