time_ut,solar_presence,lunar_presence_or_event,azimuth_airless_apparent_deg,elevation_airless_apparent_deg,illuminated_percent,angular_diameter_arcsec,distance_apparent_km,sun_target_observer_deg
2026-Sep-27 18:38,C,m,76.283870516,-0.738158232,98.42453,1908.105,3.7562478190E+05,14.4267
2026-Sep-27 18:43,C,m,77.021462637,0.193233569,98.41412,1908.689,3.7550989409E+05,14.4745
2026-Sep-27 18:48,C,m,77.755787324,1.127535793,98.40373,1909.274,3.7539472587E+05,14.5221
2026-Sep-27 18:53,N,m,78.487215487,2.064591433,98.39337,1909.861,3.7527932286E+05,14.5694
2026-Sep-27 18:58,N,m,79.216118363,3.004245923,98.38304,1910.450,3.7516373080E+05,14.6164
2026-Sep-27 19:03,N,m,79.942868019,3.946346869,98.37272,1911.039,3.7504799555E+05,14.6632
2026-Sep-27 19:08,N,m,80.667837880,4.890743769,98.36244,1911.630,3.7493216308E+05,14.7097
2026-Sep-27 19:13,N,m,81.391403273,5.837287744,98.35218,1912.221,3.7481627943E+05,14.7559
2026-Sep-27 19:18,N,m,82.113942007,6.785831260,98.34196,1912.812,3.7470039069E+05,14.8019
2026-Sep-27 19:23,N,m,82.835834961,7.736227854,98.33176,1913.404,3.7458454300E+05,14.8475
2026-Sep-27 19:28,A,m,83.557466721,8.688331852,98.32159,1913.995,3.7446878251E+05,14.8930
2026-Sep-27 19:33,A,m,84.279226223,9.641998090,98.31145,1914.587,3.7435315535E+05,14.9381
2026-Sep-27 19:38,A,m,85.001507444,10.597081628,98.30135,1915.177,3.7423770766E+05,14.9830
2026-Sep-27 19:43,A,m,85.724710110,11.553437458,98.29127,1915.767,3.7412248551E+05,15.0276
2026-Sep-27 19:48,A,m,86.449240447,12.510920203,98.28123,1916.356,3.7400753490E+05,15.0719
2026-Sep-27 19:53,A,m,87.175511958,13.469383818,98.27122,1916.943,3.7389290176E+05,15.1160
2026-Sep-27 19:58,,m,87.903946253,14.428681275,98.26125,1917.529,3.7377863190E+05,15.1597
2026-Sep-27 20:03,,m,88.634973898,15.388664236,98.25131,1918.114,3.7366477099E+05,15.2032
2026-Sep-27 20:08,,m,89.369035323,16.349182724,98.24141,1918.696,3.7355136459E+05,15.2465
2026-Sep-27 20:13,,m,90.106581774,17.310084772,98.23155,1919.276,3.7343845804E+05,15.2894
2026-Sep-27 20:18,,m,90.848076301,18.271216062,98.22172,1919.854,3.7332609652E+05,15.3321
2026-Sep-27 20:23,,m,91.593994817,19.232419549,98.21192,1920.429,3.7321432499E+05,15.3745
2026-Sep-27 20:28,,m,92.344827191,20.193535066,98.20217,1921.001,3.7310318817E+05,15.4166
2026-Sep-27 20:33,,m,93.101078421,21.154398905,98.19245,1921.570,3.7299273053E+05,15.4585
2026-Sep-27 20:38,,m,93.863269849,22.114843386,98.18277,1922.135,3.7288299628E+05,15.5000
